Author full names,Title,Year,Source title,Cited by,doi,Link,Abstract,Author Keywords,Conference date,Language of Original Document,Document Type
"Zhang J. (AUID: 53874367300), Goldsby H.J. (AUID: 15044261900), Cheng B.H.C. (AUID: 7202388859)",Modular verification of dynamically adaptive systems,2009,"8th ACM International Conference on Aspect-Oriented Software Development, AOSD'09",80,10.1145/1509239.1509262,https://www.doi.org/10.1145/1509239.1509262,"Cyber-physical systems increasingly rely on dynamically adaptive programs to respond to changes in their physical environment; examples include ecosystem monitoring and disaster relief systems. These systems are considered high-assurance since errors during execution could result in injury, loss of life, environmental impact, and/or financial loss. In order to facilitate the development and verification of dynamically adaptive systems, we separate functional concerns from adaptive concerns. Specifically, we model a dynamically adaptive program as a collection of (non-adaptive) steady-state programs and a set of adaptations that realize transitions among steady state programs in response to environmental changes. We use Linear Temporal Logic (LTL) to specify properties of the non-adaptive portions of the system, and we use A-LTL (an adapt-operator extension to LTL) to concisely specify properties that hold during the adaptation process. Model checking offers an attractive approach to automatically analyzing models for adherence to formal properties and thus providing assurance. However, currently, model checkers are unable to verify properties specified using A-LTL. Moreover, as the number of steady-state programs and adaptations increase, the verification costs (in terms of space and time) potentially become unwieldy. To address these issues, we propose a modular model checking approach to verifying that a formal model of an adaptive program satisfies its requirements specified in LTL and A-LTL, respectively. Copyright 2009 ACM.","Autonomic computing, Dynamic adaptation, Formal specification, Global invariants, Modular model checking, Reliability, Verification",3/2/2009,eng,Conference
"Galindo J.A. (AUID: 55702520851), Benavides D. (AUID: 22333640600), Trinidad P. (AUID: 23393862300), Gutiérrez-Fernández A.M. (AUID: 35487245400), Ruiz-Cortés A. (AUID: 15120180100)",Automated analysis of feature models: Quo vadis?,2019,Computing,57,10.1007/s00607-018-0646-1,https://www.doi.org/10.1007/s00607-018-0646-1,"© 2018, Springer-Verlag GmbH Austria, part of Springer Nature.Feature models have been used since the 90s to describe software product lines as a way of reusing common parts in a family of software systems. In 2010, a systematic literature review was published summarizing the advances and settling the basis of the area of automated analysis of feature models (AAFM). From then on, different studies have applied the AAFM in different domains. In this paper, we provide an overview of the evolution of this field since 2010 by performing a systematic mapping study considering 423 primary sources. We found six different variability facets where the AAFM is being applied that define the tendencies: product configuration and derivation; testing and evolution; reverse engineering; multi-model variability-analysis; variability modelling and variability-intensive systems. We also confirmed that there is a lack of industrial evidence in most of the cases. Finally, we present where and when the papers have been published and who are the authors and institutions that are contributing to the field. We observed that the maturity is proven by the increment in the number of journals published along the years as well as the diversity of conferences and workshops where papers are published. We also suggest some synergies with other areas such as cloud or mobile computing among others that can motivate further research in the future.","Automated analysis, Feature models, Software product lines, Variability-intensive systems",5/14/2019,eng,Journal
"Wu J. (AUID: 56190095000), Luo S. (AUID: 57007557200), Wang S. (AUID: 57195267570), Wang H. (AUID: 57190402002)",NLES: A novel lifetime extension scheme for safety-critical cyber-physical systems using SDN and NFV,2019,IEEE Internet of Things Journal,55,10.1109/JIOT.2018.2870294,https://www.doi.org/10.1109/JIOT.2018.2870294,"© 2014 IEEE.The cyber-physical system (CPS) is a promising technique that enables a safety-critical industry ecosystem. In general, wireless sensor networks (WSNs) and the Internet of Things are the sensing and communication infrastructures for CPS. Currently, software-defined networking (SDN) have been used as the new networking architecture for typical WSNs and CPS. However, there are two unresolved problems for a software-defined CPS. First, a feasible systemic architecture is a must for software-defined CPS, which should provide a global virtualization management and closed-loop control between the cyber side and the physical side in a CPS. Second, the lifetime of a software-defined CPS scenario needs to be extended for critical applications. To address the above challenges, this paper proposes a systematic virtual networking architecture to perform the global virtualization control and monitoring of a CPS, in which network functions virtualization (NFV) configuration and orchestration can be realized. Moreover, based on the proposed architecture, a novel lifetime extension scheme (NLES), is proposed for a software-defined CPS. To orchestrate the resource dynamically and efficiently, the instant programmability of an SDN and instant deployment capability of NFV are utilized to control the topology of node modes of a CPS. Then, a game theoretic topology decision approach is proposed to control the topology of the clustering and virtual network function deployment of sensors at run-time in a CPS. The experimental results show that NLES has longer lifetime compared to those of the traditional schemes.","Cyber-physical systems (CPSs), game theory, lifetime extension, network function virtualization (NFV), software-defined networking (SDN)",4/1/2019,eng,Journal
"Haghighatkhah A. (AUID: 56319178400), Banijamali A. (AUID: 57189384189), Pakanen O.P. (AUID: 55841817900), Oivo M. (AUID: 6603040928), Kuvaja P. (AUID: 56202183100)",Automotive software engineering: A systematic mapping study,2017,Journal of Systems and Software,50,10.1016/j.jss.2017.03.005,https://www.doi.org/10.1016/j.jss.2017.03.005,"© 2017 Elsevier Inc.The automotive industry is going through a fundamental change by moving from a mechanical to a software-intensive industry in which most innovation and competition rely on software engineering competence. Over the last few decades, the importance of software engineering in the automotive industry has increased significantly and has attracted much attention from both scholars and practitioners. A large body-of-knowledge on automotive software engineering has accumulated in several scientific publications, yet there is no systematic analysis of that knowledge. This systematic mapping study aims to classify and analyze the literature related to automotive software engineering in order to provide a structured body-of-knowledge, identify well-established topics and potential research gaps. The review includes 679 articles from multiple research sub-area, published between 1990 and 2015. The primary studies were analyzed and classified with respect to five different dimensions. Furthermore, potential research gaps and recommendations for future research are presented. Three areas, namely system/software architecture and design, qualification testing, and reuse were the most frequently addressed topics in the literature. There were fewer comparative and validation studies, and the literature lacks practitioner-oriented guidelines. Overall, research activity on automotive software engineering seems to have high industrial relevance but is relatively lower in its scientific rigor.","Automotive software engineering, Automotive systems, Embedded systems, Literature survey, Software-intensive systems, Systematic mapping study",6/1/2017,eng,Journal
"Panori A. (AUID: 57191980164), Kakderi C. (AUID: 57190582564), Komninos N. (AUID: 55405863500), Fellnhofer K. (AUID: 56586021700), Reid A. (AUID: 7202690743), Mora L. (AUID: 57169939100)",Smart systems of innovation for smart places: Challenges in deploying digital platforms for co-creation and data-intelligence,2021,Land Use Policy,49,10.1016/j.landusepol.2020.104631,https://www.doi.org/10.1016/j.landusepol.2020.104631,"© 2020 Elsevier LtdThe effect of digital transformation towards more efficient, place-based and bottom-up innovation policies at different spatial scales has proven significant, as digital technologies modify existing policy-design routines in cities and regions. Smart places (cities, districts, neighbourhoods, ecosystems) depend on the way digitalisation disrupts systems of innovation in cities, making it more open, global, participatory and experimental. We argue that the rise and interconnection of various types of intelligence (artificial, human, collective) could bring profound changes in the way smart places are being created and evolve. In this context, cyber-physical systems of innovation are deployed through multiple nodes acquiring digital companions, collaboration is deployed over physical, social, and digital spaces, and actors can use complex methods guided by software and get insights from data and analytics. The paper also presents the case study of OnlineS3, a two-year Horizon 2020 project, which developed and tested a digital platform composed of applications, datasets and roadmaps, which altogether create a digital environment for empowering the design of smart specialisation strategies for local and regional systems of innovation. The results indicate that digital transformation allows the operationalisation of multiple methodologies which have not been used earlier by policy makers, due to lack of capabilities. It can also increase the scalability of indicators facilitating decision making at different spatial scales and, therefore, better respond to the complexity of innovation systems providing dynamic and scale-diverse information.","Co-creation, Data-intelligence, Digital platforms, Digitalisation, Intelligent cities, Smart cities, Systems of innovation",12/1/2021,eng,Journal
"Axelsson J. (AUID: 36613006300), Skoglund M. (AUID: 56276682900)",Quality assurance in software ecosystems: A systematic literature mapping and research agenda,2016,Journal of Systems and Software,49,10.1016/j.jss.2015.12.020,https://www.doi.org/10.1016/j.jss.2015.12.020,"© 2015 Elsevier Inc. All rights reserved.Software ecosystems are becoming a common model for software development in which different actors cooperate around a shared platform. However, it is not clear what the implications are on software quality when moving from a traditional approach to an ecosystem, and this is becoming increasingly important as ecosystems emerge in critical domains such as embedded applications. Therefore, this paper investigates the challenges related to quality assurance in software ecosystems, and identifies what approaches have been proposed in the literature. The research method used is a systematic literature mapping, which however only resulted in a small set of six papers. The literature findings are complemented with a constructive approach where areas are identified that merit further research, resulting in a set of research topics that form a research agenda for quality assurance in software ecosystems. The agenda spans the entire system life-cycle, and focuses on challenges particular to an ecosystem setting, which are mainly the results of the interactions across organizational borders, and the dynamic system integration being controlled by the users.","Quality, Software ecosystems, Testing, Verification",4/1/2016,eng,Journal
"Curry E. (AUID: 12790805000), Derguech W. (AUID: 38361290300), Hasan S. (AUID: 55336978700), ul Hassan U. (AUID: 55336470000), Kouroupetroglou C. (AUID: 16643447200)",A Real-time Linked Dataspace for the Internet of Things: Enabling “Pay-As-You-Go” Data Management in Smart Environments,2019,Future Generation Computer Systems,45,10.1016/j.future.2018.07.019,https://www.doi.org/10.1016/j.future.2018.07.019,"© 2018 Elsevier B.V.As smart environments move from a research vision to concrete manifestations in real-world enabled by the Internet of Things, they are encountering a number of very practical challenges in data management in terms of the flexibility needed to bring together contextual and real-time data, the interface between new digital infrastructures and existing information systems, and how to easily share data between stakeholders in the environment. Therefore, data management approaches for smart environments need to support flexibility, dynamicity, incremental change, while keeping costs to a minimum. A Dataspace is an emerging approach to data management that has proved fruitful for personal information and scientific data management. However, their use within smart environments and for real-time data remains largely unexplored. This paper introduces a Real-time Linked Dataspace (RLD) as an enabling platform for data management within smart environments. This paper identifies common data management requirements for smart energy and water environments, details the RLD architecture and the key support services and their tiered support levels, and a principled approach to “Pay-As-You-Go” data management. The paper presents a dataspace query service for real-time data streams and entities to enable unified entity-centric queries across live and historical stream data. The RLD was validated in 5 real-world pilot smart environments following the OODA (Observe, Orient, Decide, and Act) Loop to build real-time analytics, decisions support, and smart apps for energy and water management. The pilots demonstrate that the RLD enables incremental pay-as-you-go data management with support services that simplify the development of applications and analytics for smart environments. Finally, the paper discusses experiences, lessons learnt, and future directions.","Data management, Dataspace, Distributed systems, Energy management, Event processing, Internet of Things, Linked data, Semantic web, Smart environments, Water management",1/1/2019,eng,Journal
"Moldovan D. (AUID: 55647164618), Copil G. (AUID: 36536836400), Dustdar S. (AUID: 6701473617)","Elastic systems: Towards cyber-physical ecosystems of people, processes, and things",2018,Computer Standards and Interfaces,24,10.1016/j.csi.2017.04.002,https://www.doi.org/10.1016/j.csi.2017.04.002,"© 2017 Elsevier B.V.Pervasive mobility and an exponential increase in the number of connected devices are adding to IT complexity. Users are bypassing traditional IT to access cloud-based services. Boundaries between computing systems, people, and things are disappearing. New approaches are required to manage today's and tomorrow's increasingly connected and heterogeneous ecosystems of people, computing processes, and things. We envision future elastic systems driven by business requirements, integrating computing, people, and things in open dynamic ecosystems in which all entities collaborate towards common goals. We introduce elasticity as a means of integrating computing processes, people, and things. We identify the core computing fields enabling future elastic systems: (i) hardware and software reusability, (ii) smart things, (iv) adaptation, and (v) human-based computing. We look at the development of these fields, and identify fundamental properties for building future elastic systems. We further envision a new field of research: Elastic Computing. We identify and discuss challenges to be addressed by this field towards realizing future elastic systems: Are existing programming languages and models sufficient for designing and managing future elastic systems? How important are the interactions between people, computers, and things? Can people and things be monitored and controlled like computing resources?","Cloud, Elasticity, Human-based computing, IoT",3/1/2018,eng,Journal
"Wolfert S. (AUID: 37004883700), van Wassenaer L. (AUID: 36018110700), Verdouw C. (AUID: 23483245900), Dolfsma W. (AUID: 55921357300), Klerkx L. (AUID: 13612931800)",Digital innovation ecosystems in agri-food: design principles and organizational framework,2023,Agricultural Systems,22,10.1016/j.agsy.2022.103558,https://www.doi.org/10.1016/j.agsy.2022.103558,"© 2022 The AuthorsCONTEXT: Digital technologies nowadays play a major role in innovation within the agri-food domain. The evolution of IT systems has currently arrived at a level that involves complex systems integration and business ecosystems in which many stakeholders in different roles are involved. A new paradigm for digital innovation is needed that copes with this increased complexity. OBJECTIVE: This paper presents an empirically informed framework for analysing and designing viable, sustainable digital innovation ecosystems in the agri-food domain. METHODS: The research is based on a series of European large-scale public-private innovation projects from 2011 to 2021 with a total budget of 73 M€. They involved hundreds of stakeholders that were developing a large number of digital solutions through which a digital innovation ecosystem for agri-food was formed. In a longitudinal study, a conceptual framework was used to analyse these projects and describe how the digital innovation ecosystem has developed. Lessons learnt are translated into a number of design principles and an organizational approach to foster digital innovation ecosystems in agri-food. RESULTS AND CONCLUSIONS: The conceptual framework consists of 6 key concepts: (i) innovation strategy, (ii) innovation organization, (iii) innovation network that contains (iv) the innovation process and (v) the innovation object and finally (vi) an innovation infrastructure. Along these 6 concepts, lessons learnt and in total 21 design principles are derived from analysing the projects forming a basis for the organizational framework. At the core of this framework is a lean multi-actor approach to trials and use case development interacting with a set of multidisciplinary activities: (i) developing a common technical collaboration infrastructure, (ii) identifying value streams with user engagement, (iii) engaging the right partners and stakeholders at the right time supported by strategic project planning and dynamic management. The most important conclusion is that effective, successful and quick use of appropriate IT in agri-food requires that actors should not be analysed in isolation from both their technological and business environment. Another consequence is that a ‘minimal viable ecosystem’ only emerges after considerable time, resources and ingenuity is invested and may require outside (government) intervention. SIGNIFICANCE: Results from this paper can be used both by public and private stakeholders to diagnose and improve digital innovation projects and develop viable, sustainable digital innovation ecosystems in agri-food.","Business ecosystems, Digital agriculture, Digital transformation, Innovation infrastructure, Innovation organization",1/1/2023,eng,Journal
Jesse N. (AUID: 14016003500),Internet of Things and Big Data: the disruption of the value chain and the rise of new software ecosystems,2018,AI and Society,18,10.1007/s00146-018-0807-y,https://www.doi.org/10.1007/s00146-018-0807-y,"© 2018, Springer-Verlag London Ltd., part of Springer Nature.IoT connects devices, humans, places, and even abstract items like events. Driven by smart sensors, powerful embedded microelectronics, high-speed connectivity and the standards of the internet, IoT is on the brink of disrupting today’s value chains. Big Data, characterized by high volume, high velocity and a high variety of formats, is a result of and also a driving force for IoT. The datafication of business presents completely new opportunities and risks. To hedge the technical risks posed by the interaction between “everything”, IoT requires comprehensive modelling tools. Furthermore, new IT platforms and architectures are necessary to process and store the unprecedented flow of structured and unstructured, repetitive and non-repetitive data in real-time. In the end, only powerful analytic tools are able to extract “sense” from the exponentially growing amount of data and, as a consequence, data science becomes a strategic asset. The era of IoT relies heavily on standards for technologies which guarantee the interoperability of everything. This paper outlines some fundamental standardization activities. Big Data approaches for real-time processing are outlined and tools for analytics are addressed. As consequence, IoT is a (fast) evolutionary process whose success in penetrating all dimensions of life heavily depends on close cooperation between standardization organizations, open source communities and IT experts.","Big Data, Data science, Internet of Things, Smart factories, Software platforms",5/1/2018,eng,Journal
"de la Vara J.L. (AUID: 24400984100), Ruiz A. (AUID: 7203007557), Blondelle G. (AUID: 57218844039)",Assurance and certification of cyber–physical systems: The AMASS open source ecosystem,2021,Journal of Systems and Software,15,10.1016/j.jss.2020.110812,https://www.doi.org/10.1016/j.jss.2020.110812,"© 2020 Elsevier Inc.Many cyber–physical systems (CPS) are subject to rigorous assurance and certification processes to provide confidence that undue risks are not posed and thus the systems are trustworthy. These processes are complex and time-consuming and tool support can greatly aid in their execution. In line with other trends for systems and software engineering, the need for and interest in open source tools for assurance and certification is growing and different initiatives have been launched. As a concrete example, we report on our experience in developing the AMASS open source ecosystem. This ecosystem includes (1) an open source tool platform that supports the main CPS assurance and certification activities, (2) external tools with added-value features, and (3) an open community of developers and users. The platform integrates existing solutions for system modelling, process engineering, and compliance and argumentation management. We also present the application of the AMASS tool platform in 11 industrial case studies from five different application domains. The results show that the platform is a feasible means for CPS assurance and certification and that practitioners find benefits in assurance-oriented system modelling and in integrated system assurance information, among other areas. Nonetheless, improvement opportunities also exist, most notably regarding tool interoperability and usability.","AMASS, Assurance, Certification, Cyber–physical\u200b system, Ecosystem, Open source",1/1/2021,eng,Journal
"Abukwaik H. (AUID: 56333424500), Rombach D. (AUID: 6602660776)",Software interoperability analysis in practice - A survey,2017,"21st International Conference on Evaluation and Assessment in Software Engineering, EASE 2017",8,10.1145/3084226.3084255,https://www.doi.org/10.1145/3084226.3084255,"© 2017 ACM.Software interoperability property plays a vital role in enabling interoperation in todayfis system-of-systems, cyber-physical systems, ecosystems, etc. Despite the critical role of interoperability analysis in enabling a successful and meaningful software interoperation, it is still facing challenges that impede performing it effectively and efficiently. We performed an online survey of software engineers with software integration experiences to identify the main difficulties of performing interoperability analysis. The results confirm that the state of available practical support and current input artifacts used during the analysis are significantly perceived as important difficulties. Respondents claim a lack of guidelines and best practices for applying interoperability analysis and claim insufficiency of shared information about interoperable software units. This indicates the need for providing directive and rigorous guidelines for practitioners to follow and to enrich the content of shared documents about interoperable software units.","Conceptual interoperability, Interoperability analysis, Survey",6/15/2017,eng,Conference
Halasz D. (AUID: 57802332900),From Systems to Ecosystems: Rethinking Adaptive Safety,2022,"17th Symposium on Software Engineering for Adaptive and Self-Managing Systems, SEAMS 2022",4,10.1145/3524844.3528067,https://www.doi.org/10.1145/3524844.3528067,"© 2022 ACM.The evolution of software systems into more complex ecosystems creates new challenges in ensuring their safe and secure behavior. As the complexity of software ecosystems is inherently higher than regular systems, existing safety mechanisms are no longer reliable in their context. This paper introduces a research path towards adaptive safety mechanisms that can support the degree of dynamism and high level of uncertainty introduced by these systems of systems. Our planned approach is to use runtime trust evaluation as a decision factor when enabling or disabling safety features on demand.","adaptive safety, autonomous ecosystems, security, software architecture, trust",5/18/2022,eng,Conference
"Aldalur I. (AUID: 56492990100), Illarramendi M. (AUID: 56442327300), Larrinaga F. (AUID: 53877813400), Perez T. (AUID: 57210533072), Saenz F. (AUID: 57212275048), Unamuno G. (AUID: 56166698300), Lazkanoiturburu I. (AUID: 57220864456)",Advantages of Arrowhead Framework for the Machine Tooling Industry,2020,"46th Annual Conference of the IEEE Industrial Electronics Society, IECON 2020",4,10.1109/IECON43393.2020.9254868,https://www.doi.org/10.1109/IECON43393.2020.9254868,"© 2020 IEEE.Immersed in the digital era and fully experiencing the changes introduced by the new industrial revolution of the so-called Industry 4.0, there are still many aspects of industrial digitization to resolve. Interoperability among devices and machines is one of the challenges. Sensors, components and machines from different vendors work as independent silos offering large amounts of heterogeneous data which relational capabilities are not fully exploited. Quick development, deployment and testing of new software solutions that take advantage of those data is another important matter. The requirements in terms of equipment resources and engineering efforts is high when planning new implementations. Platforms that enable the efficient application of those solutions at the right level (machine, edge, plant or cloud) are also necessary.(p)(/p)This paper presents an industrial case study on the application of the Arrowhead framework. The framework is implemented in the Machine Tooling ecosystem and enables the integration of grinding machines with other sensors, components or machines. Different software engineering tools offered with Arrowhead are used to design new solutions in Cyber-Physical System and Internet of Things in Industry 4.0 and make them Arrowhead compliant, for fast deployment of platforms and applications (Dockers) or for testing purposes (Management tool). Finally, the potential of agile construction of new applications is analysed by providing an Human-Machine Interface at machine level and the provision of services for data consumption at cloud level.","Arrowhead, Cyber-Physical System, Industry 4.0, Internet of Things",10/19/2020,eng,Conference
"Taherkordi A. (AUID: 14054944100), Eliassen F. (AUID: 34770363100)",Models@run.time for creating in-cloud dynamic cyber-physical ecosystems,2014,"2014 6th IEEE International Conference on Cloud Computing Technology and Science, CloudCom 2014",3,10.1109/CloudCom.2014.158,https://www.doi.org/10.1109/CloudCom.2014.158,"© 2014 IEEE.The applications of Cyber-Physical Systems (CPSs) in large scale, mobile and distributed systems, such as transportation and healthcare systems, foster the development of novel cross-CPS applications. Services, in such applications, enable the emergence of multiple end-to-end cyber-physical scenarios, formed dynamically based on their demands, e.g., Disaster recovery systems. This calls for new distributed service composition models that integrate different CPS services from multiple application domains for a given purpose - CPS ecosystems. The in-Cloud availability of CPSs can significantly improve the development process of such ecosystems thanks to the global and rapid accessibility of CPS services in the Cloud. However, a major challenge in this context is the highly dynamic nature of CPS services, making service composition a challenging issue. In this paper, we propose to exploit the concept of models at runtime in order to create a dynamic middleware framework that allows efficient composition of CPS services in dynamic and on-demand CPS ecosystems. This is achieved by obtaining the runtime models of CPS services and synthesizing software mediators that translate the communications between individual CPS services residing in the Cloud. The in-Cloud availability of CPS services will facilitate the design of such a middleware framework, and processing and maintaining the runtime models.","Cloud, Cyber-physical systems, Ecosystems, Models at runtime, Service composition",12/15/2014,eng,Conference
"Oriol M. (AUID: 53880191200), Marco J. (AUID: 8332219900), Franch X. (AUID: 6603081752), Müller C. (AUID: 55728096900), Fernandez P. (AUID: 56365074900), Ruiz-Cortés A. (AUID: 15120180100)",Comprehensive assessment of open source software ecosystem health,2023,Internet of Things (Netherlands),3,10.1016/j.iot.2023.100808,https://www.doi.org/10.1016/j.iot.2023.100808,"© 2023 Elsevier B.V.Recent surveys expose that the use of Open Source Software (OSS) is increasingly becoming a need for organizations in their development projects. However, deciding a proper OSS to be adopted or to contribute to its development is a complex and error-prone task. Analyzing the OSS ecosystem (OSSECO) health may help providing information about: (1) the OSS itself (number of commits, days after the last release, etc.); and (2) their main actors (number of contributors, partners, etc.). There exist proposals that go further and provide aggregated high-level indicators (e.g. visibility as an aggregation of number of community events, number of partners, and other metrics). Nevertheless, there is a lack of useful OSSECO analysis tools to ease the decision making on which OSSECO has the health required by a potential OSS adopter or contributor. In this work, we provide OSS-CARE (OSSeCo heAlthy monitoR and analysEr), an OSS-independent, fully automatic, and real-time framework to assess OSSECO's health. OSS-CARE supports defining the ecosystem health objectives of potential OSS adopters, OSS contributors, and even OSS managers to inspect their provided health. These objectives are defined based on a well-established model characterizing health metrics that can be potentially aggregated by using a Bayesian network technique. Moreover, the integrated monitoring and analysis components perform an automated assessment of OSSECO's health by checking the fulfillment of the required health objectives. Furthermore, the result is shown in an appealing dashboard that may ease the complex decision making of which OSS to choose.","Ecosystem health, Monitoring, Open Source Software (OSS), Open Source Software Ecosystem (OSSECO)",7/1/2023,eng,Journal
"Elberzhager F. (AUID: 24478380500), Koch M. (AUID: 56660763400), Weitzel B. (AUID: 55574606300)",Towards a digital ecosystem for rural areas: Experiences from three years of development,2018,"19th International Conference on Product-Focused Software Process Improvement, PROFES 2018",3,10.1007/978-3-030-03673-7_7,https://www.doi.org/10.1007/978-3-030-03673-7_7,"© Springer Nature Switzerland AG 2018.Software and software systems are increasingly connected today, and the trend is continuing. The development of such systems requires competencies that go beyond classic software engineering. Key challenges are cross-domain work, increasing complexity with shorter time to market, shared responsibility and control across multiple companies, as well as the ever-increasing demands regarding security, user experience, and other qualities. In this publication, we share our software development experiences from the Digital Villages project. The major goal in this project is to support rural areas with digital services running on a platform. While typical software engineering activities such as design, implementation, or testing are, of course, necessary further on, evaluation and incorporating feedback from users play a far more important role when going towards digital ecosystems. Our results are based on a current project runtime of three years, and might provide background for others who want to shift towards developing such systems.","Digital ecosystem, Experiences, Software engineering",11/28/2018,eng,Conference
"Benomar Z. (AUID: 57209478291), Longo F. (AUID: 34868328300), Merlino G. (AUID: 57193735363), Puliafito A. (AUID: 35618875300)",A Cloud-Based and Dynamic DNS Approach to Enable the Web of Things,2022,IEEE Transactions on Network Science and Engineering,2,10.1109/TNSE.2021.3110003,https://www.doi.org/10.1109/TNSE.2021.3110003,"© 2013 IEEE.Thanks to the evolution in the hardware and software fields, the Internet usage scope is continuously covering smaller and resource-constrained devices. Such devices, commonly called Internet of Things (IoT) devices, with sensing/actuation capabilities, are becoming capable of managing the complexity of communications over the Internet. Nevertheless, the IoT ecosystem is still fragmented due to the different used vertical solutions. This heterogeneity makes IoT devices/systems unable to communicate seamlessly, leading to limited cooperation and tightly coupled deployments. To deal with the interoperability issues in IoT, we propose, in this paper, a Cloud-based approach with a Dynamic Domain Name System (DDNS) mechanism enabling the IoT devices to communicate using the Representational state transfer (REST) model: an approach that follows the Web of things (WoT) paradigm. In particular, the system makes the IoT devices' hosted resources (e.g., sensors and actuators) able to be steered using globally resolvable (over the Internet) Uniform Resource Locators (URLs) even when deployed behind Network Address Translators (NATs) and firewalls. The system we conceived requires only one public registered domain name to associate, for all the distributed IoT devices, sub-domains of the public one while using a clever routing mechanism. An online implementation of the testbed is provided to show the feasibility of the approach. Further, a performance evaluation of the system is reported to assess the resource usage of the solution.","cloud computing, cyber physical systems, Internet of Things, openstack, REST, Web of Things, web services",1/1/2022,eng,Journal
"Tripathi N. (AUID: 56879928000), Hietala H. (AUID: 57223340114), Xu Y. (AUID: 57191414636), Liyanage R. (AUID: 57982585200)","Stakeholders collaborations, challenges and emerging concepts in digital twin ecosystems",2024,Information and Software Technology,0,10.1016/j.infsof.2024.107424,https://www.doi.org/10.1016/j.infsof.2024.107424,"© 2024 The AuthorsContext: Digital twin (DT) ecosystems are rapidly evolving, connecting many stakeholders, such as manufacturers, customers, and application platform providers. These ecosystems require collaboration and interaction between diverse actors to create value. This study delves into the collaboration of such stakeholders within DT-focused ecosystems. Objective: This research aims to understand stakeholder collaboration within DT ecosystems, identify potential challenges, and provide insights for managing these stakeholders. It also seeks to define the DT ecosystem and its implications for both research and practice. Method: A systematic literature review was conducted, supplemented by empirical evidence gathered from interviews with DT experts who were knowledgeable about the DT ecosystem. The study also analyzed DT systems, stakeholder roles, and the challenges with ecosystem-focused DT development. Results: The study identified various stakeholders and their roles in adding value to a DT ecosystem. It highlighted the benefits of stakeholder collaboration, such as knowledge gain during DT system development. The research also revealed the technical and non-technical challenges encountered in ecosystem-focused DTs, emphasizing the importance of standardization as a solution. A new definition of the DT ecosystem was proposed, emphasizing its data-driven nature, interconnected DTs, stakeholder value creation, and technology enablement. Conclusion: Stakeholder collaboration is pivotal in DT ecosystems, with each actor playing a distinct role. Addressing challenges, especially through standardization (OPC UA and ISO 23247), can lead to more efficient and coherent DT ecosystems. The insights provided by this study can guide industries in designing, developing, and maintaining their DT ecosystems, ensuring value creation and stakeholder satisfaction. Future research avenues that emphasize the importance of understanding the challenges involved and deploy appropriate solutions were suggested.","Definition, Digital twin, Digital twin ecosystem, Empirical study, Software development, Stakeholders, Systematic literature review",5/1/2024,eng,Journal
,Digital Transformation and Innovation and Business Ecosystems: A Bibliometric Analysis for Conceptual Insights and Collaborative Practices for Ecosystem Innovation,2024,International Journal of Innovation Studies,0,10.1016/j.ijis.2024.04.003,https://www.doi.org/10.1016/j.ijis.2024.04.003,"This research aims to provide an ecosystem-inspired approach to digital transformation (DT) for sustainable innovations by reviewing state-of-the-art research. Focusing on DT innovation pathways for Sustainable Development Goals (SDGs), a DT innovation roadmap incorporating various notions of ecosystems can thus be developed based on the findings in response to advancements in the “Helix” models of innovation and policy progress in green digital transformation. Following the Preferred Reporting Items for Systematic Reviews and Meta-Analyses (PRISMA) protocol, a bibliographic search was conducted in the Web of Science (WoS) database. A bibliometric analysis was then performed, leading to various science mapping outcomes. The research findings suggest practical DT innovation pathways for stakeholders aiming to achieve SDGs and a DT innovation roadmap to assist researchers in navigating the evolving innovation landscape. Since 2007, research output has experienced rapid growth, especially after 2018, with active contributions from countries such as China, Australia, England, and Italy, as well as affiliations such as Guangzhou Nanfang College, Curtin University, and Harvard University. The findings, including a performance overview, a set of clustering analyses of concepts and themes, the conceptual and intellectual structure, and an SDG identification table, provide the basis for the proposed Green Digital Transformation (GDT) innovation roadmap with DT innovation pathways. This research is the first to conduct a bibliometric analysis and science mapping of the DT literature focusing on innovation and business ecosystems. The proposed GDT innovation roadmap outlines the usefulness of the concept of “ecosystem innovation,” integrating the natural ecosystem, ecosystem services, ecosystem economy, business ecosystem, innovation ecosystem, and digital ecosystems, thereby calling for the eco-design of DT strategies that foster alignment and partnership across sectors and disciplines.","digital platforms, digital ecosystem, digitalization, innovation ecosystems, open innovation, business model, ecosystem economy, industry 4.0, carbon neutrality, socio-technical transition",None,,Journal
"Axelsson J. (AUID: 36613006300), Papatheocharous E. (AUID: 24491068000), Andersson J. (AUID: 8855384600)",Characteristics of software ecosystems for Federated Embedded Systems: A case study,2014,Information and Software Technology,27,10.1016/j.infsof.2014.03.011,https://www.doi.org/10.1016/j.infsof.2014.03.011,"Context Traditionally, Embedded Systems (ES) are tightly linked to physical products, and closed both for communication to the surrounding world and to additions or modifications by third parties. New technical solutions are however emerging that allow addition of plug-in software, as well as external communication for both software installation and data exchange. These mechanisms in combination will allow for the construction of Federated Embedded Systems (FES). Expected benefits include the possibility of third-party actors developing add-on functionality; a shorter time to market for new functions; and the ability to upgrade existing products in the field. This will however require not only new technical solutions, but also a transformation of the software ecosystems for ES. Objective This paper aims at providing an initial characterization of the mechanisms that need to be present to make a FES ecosystem successful. This includes identification of the actors, the possible business models, the effects on product development processes, methods and tools, as well as on the product architecture. Method The research was carried out as an explorative case study based on interviews with 15 senior staff members at 9 companies related to ES that represent different roles in a future ecosystem for FES. The interview data was analyzed and the findings were mapped according to the Business Model Canvas (BMC). Results The findings from the study describe the main characteristics of a FES ecosystem, and identify the challenges for future research and practice. Conclusions The case study indicates that new actors exist in the FES ecosystem compared to a traditional supply chain, and that their roles and relations are redefined. The business models include new revenue streams and services, but also create the need for trade-offs between, e.g., openness and dependability in the architecture, as well as new ways of working. Â© 2014 The Authors. Published by Elsevier B.V.","Architecture, Case study, Embedded Systems, Software ecosystems, Systems-of-Systems",1/1/2014,eng,Journal
"Eklund U. (AUID: 6603706816), Bosch J. (AUID: 56675290800)",Architecture for embedded open software ecosystems,2014,Journal of Systems and Software,35,10.1016/j.jss.2014.01.009,https://www.doi.org/10.1016/j.jss.2014.01.009,"Software is prevalent in embedded products and may be critical for the success of the products, but manufacturers may view software as a necessary evil rather than as a key strategic opportunity and business differentiator. One of the reasons for this can be extensive supplier and subcontractor relationships and the cost, effort or unpredictability of the deliverables from the subcontractors are experienced as a major problem the paper proposes open software ecosystem as an alternative approach to develop software for embedded systems, and elaborates on the necessary quality attributes of an embedded platform underlying such an ecosystem the paper then defines a reference architecture consisting of 17 key decisions together with four architectural patterns, and provides the rationale why they are essential for an open software ecosystem platform for embedded systems in general and automotive systems in particular the reference architecture is validated through a prototypical platform implementation in an industrial setting, providing a deeper understanding of how the architecture could be realised in the automotive domain. Four potential existing platforms, all targeted at the embedded domain (Android, OKL4, AUTOSAR and Robocop), are evaluated against the identified quality attributes to see how they could serve as a basis for an open software ecosystem platform with the conclusion that while none of them is a perfect fit they all have fundamental mechanisms necessary for an open software ecosystem approach. Â© 2014 Elsevier Inc.","Embedded software, Software architecture, Software ecosystem",1/1/2014,eng,Journal
"Lundell B. (AUID: 7004530817), Syberfeldt A. (AUID: 25639958400), Lings B. (AUID: 6602251812)",Practitioner perceptions of Open Source software in the embedded systems area,2011,Journal of Systems and Software,30,10.1016/j.jss.2011.03.020,https://www.doi.org/10.1016/j.jss.2011.03.020,"There is a growing body of research to show that, with the advent of so-called professional Open Source, attitudes within many organisations towards adopting Open Source software have changed. However, there have been conflicting reports on the extent to which this is true of the embedded software systems sector - a large sector in Europe. This paper reports on attitudes towards Open Source software within that sector. Our results show a high level of acceptance of Open Source products with large, well established communities, and not only at the level of the operating system. Control over the software is seen as fundamentally important. Other key perceptions with Open Source are an easing of long-term maintenance problems and ready availability of support. The classical strengths of Open Source, namely mass inspection, ease of conducting trials, longevity and source code access for debugging, were at the forefront of thinking. However, there was an acknowledgement that more guidelines are needed for assessing Open Source software and incorporating it into products. Â© 2011 Elsevier Inc. All rights reserved.","Company experience, Embedded systems, Long-term maintenance, Open Source software, Qualitative study",9/1/2011,eng,Journal
"Capilla R. (AUID: 8931696900), Cioroaica E. (AUID: 57200285515), Buhnova B. (AUID: 35781665200), Bosch J. (AUID: 56675290800)",On Autonomous Dynamic Software Ecosystems,2022,IEEE Transactions on Engineering Management,14,10.1109/TEM.2021.3116873,https://www.doi.org/10.1109/TEM.2021.3116873,"© 1988-2012 IEEE.Software ecosystems are considered the natural evolution of software product lines. A software ecosystem provides a (software) product within a particular business and organizational context that supports the exchange of activities and services within a domain. However, the increasing degree of autonomy demanded by software ecosystems is elevating the system response to end users, while the existing software ecosystem architectures are not well prepared to deal with the dynamicity of context changes and autonomous behavior needs. In order to provide a transition toward an increased level of autonomy, in this article, we introduce the notion of autonomous dynamic ecosystems as representative of those software ecosystems able to support dynamic, smart, and autonomous features demanded by modern software systems. In this work, we further investigate and provide evidence of four industrial examples that have fully embodied the principles of autonomous dynamic ecosystems, and we characterize the main features and technology requirements of this kind of new ecosystems.","Autonomy, collaborative aspects, dynamic ecosystems, smart behavior, software ecosystems, software product lines, trust",12/1/2022,eng,Journal
